0,1,2,3,4,5,6,7,8,9
56778.0,1951.0,3.0,23.8,806.9,13.3,8.3,60.0,999999.0,14.4
56778.0,1951.0,4.0,2.8,806.0,16.4,9.1,55.0,999999.0,1.3
56778.0,1951.0,5.0,100.9,807.0,18.0,13.2,69.0,999999.0,14.9
56778.0,1951.0,6.0,167.5,804.7,19.0,17.1,80.0,999999.0,38.7
56778.0,1951.0,7.0,207.7,805.7,19.6,18.7,83.0,999999.0,47.9
56778.0,1951.0,8.0,138.0,806.1,19.2,18.4,84.0,999999.0,33.9
56778.0,1951.0,9.0,105.8,810.1,16.5,15.6,84.0,999999.0,38.8
56778.0,1951.0,10.0,58.9,810.4,15.1,14.0,83.0,999999.0,34.8
56778.0,1951.0,11.0,33.0,810.8,11.4,9.8,77.0,999999.0,20.0
56778.0,1951.0,12.0,25.0,811.8,7.2,8.0,82.0,999999.0,9.3
56778.0,1952.0,1.0,1.0,809.4,7.7,6.8,72.0,999999.0,0.9
56778.0,1952.0,2.0,12.3,807.1,10.3,7.3,66.0,999999.0,9.6
56778.0,1952.0,3.0,19.9,806.7,12.5,8.2,62.0,278.5,15.2
56778.0,1952.0,4.0,22.8,807.5,15.8,10.7,65.0,288.5,8.3
56778.0,1952.0,5.0,171.7,805.5,19.7,15.2,70.0,298.4,53.1
56778.0,1952.0,6.0,263.4,805.9,18.9,17.8,83.0,168.8,40.3
56778.0,1952.0,7.0,154.5,804.6,19.7,18.9,84.0,175.9,52.0
56778.0,1952.0,8.0,215.7,806.6,18.9,18.3,85.0,151.7,43.5
56778.0,1952.0,9.0,55.0,809.1,18.0,16.5,81.0,133.2,21.9
56778.0,1952.0,10.0,72.8,811.5,15.4,14.6,84.0,118.5,17.7
56778.0,1952.0,11.0,11.2,809.6,12.1,10.6,80.0,277.6,9.0
56778.0,1952.0,12.0,0.9,811.7,7.2,7.1,75.0,219.5,0.3
56778.0,1953.0,1.0,9.1,809.1,8.5,7.5,74.0,270.0,7.3
56778.0,1953.0,2.0,31.4,809.6,10.0,8.1,72.0,253.8,26.2
56778.0,1953.0,3.0,18.3,807.2,13.4,8.7,63.0,257.4,18.2
56778.0,1953.0,4.0,1.6,807.0,17.0,10.0,57.0,284.6,1.1
56778.0,1953.0,5.0,93.5,806.6,17.8,14.2,73.0,231.2,33.3
56778.0,1953.0,6.0,185.4,807.6,19.6,17.6,79.0,147.0,59.0
56778.0,1953.0,7.0,110.5,807.7,20.1,19.0,82.0,174.8,46.0
56778.0,1953.0,8.0,84.8,808.3,20.0,18.6,82.0,253.7,16.3
56778.0,1953.0,9.0,77.4,812.3,16.5,15.5,84.0,101.5,25.4
56778.0,1953.0,10.0,150.9,812.5,15.7,14.5,84.0,204.0,68.7
56778.0,1953.0,11.0,16.1,814.1,11.6,10.7,81.0,221.0,7.5
56778.0,1953.0,12.0,10.9,813.9,8.3,8.4,80.0,218.4,999805.2
56778.0,1954.0,1.0,0.1,809.3,9.0,5.9,56.0,304.6,0.1
56778.0,1954.0,2.0,1.9,809.8,11.1,7.4,60.0,266.1,1.5
56778.0,1954.0,3.0,12.5,811.0,12.1,7.9,60.0,247.0,3.1
56778.0,1954.0,4.0,13.1,808.4,17.8,10.0,52.0,283.2,8.4
56778.0,1954.0,5.0,111.8,807.8,19.9,15.2,68.0,247.5,42.5
56778.0,1954.0,6.0,206.1,806.5,19.6,18.2,80.0,125.7,33.6
56778.0,1954.0,7.0,174.3,806.2,20.1,19.2,83.0,89.0,29.1
56778.0,1954.0,8.0,342.6,807.5,19.4,18.9,84.0,151.3,70.9
56778.0,1954.0,9.0,184.4,810.4,18.7,17.5,82.0,179.1,59.7
56778.0,1954.0,10.0,51.7,813.7,15.3,14.2,82.0,153.0,11.5
56778.0,1954.0,11.0,1.0,813.3,12.5,10.1,71.0,270.9,1.0
56778.0,1954.0,12.0,6.0,812.5,9.0,8.5,76.0,212.3,6.0
56778.0,1955.0,1.0,11.9,814.4,6.9,6.9,72.0,215.1,999809.1
56778.0,1955.0,2.0,0.0,808.2,11.3,6.6,53.0,275.3,999990.0
56778.0,1955.0,3.0,15.1,809.6,14.4,8.9,58.0,279.0,4.7
56778.0,1955.0,4.0,2.5,809.2,16.7,10.1,56.0,280.9,1.2
56778.0,1955.0,5.0,18.1,808.0,20.3,14.4,62.0,257.9,7.2
56778.0,1955.0,6.0,220.0,807.7,18.8,17.2,80.0,113.8,62.3
56778.0,1955.0,7.0,165.5,806.8,19.9,18.8,82.0,112.7,57.8
56778.0,1955.0,8.0,191.8,808.9,19.1,17.8,81.0,155.3,30.3
56778.0,1955.0,9.0,89.9,811.8,18.9,17.0,79.0,232.8,30.9
56778.0,1955.0,10.0,77.6,813.7,15.3,14.4,83.0,114.4,36.7
56778.0,1955.0,11.0,178.9,814.8,10.1,10.2,83.0,130.3,36.3
56778.0,1955.0,12.0,0.5,812.7,7.2,6.6,68.0,260.4,0.2
56778.0,1956.0,1.0,6.6,809.3,6.4,6.5,70.0,214.2,2.4
56778.0,1956.0,2.0,0.0,808.8,11.3,6.6,54.0,278.6,999990.0
56778.0,1956.0,3.0,19.0,809.5,14.1,8.0,53.0,283.7,999809.1
56778.0,1956.0,4.0,14.9,808.6,18.1,10.1,52.0,288.9,10.1
56778.0,1956.0,5.0,155.5,808.3,18.2,16.1,78.0,150.8,26.6
56778.0,1956.0,6.0,118.2,806.9,19.8,17.7,78.0,145.0,20.4
56778.0,1956.0,7.0,129.4,808.1,19.8,18.0,79.0,182.7,25.9
56778.0,1956.0,8.0,199.5,808.4,19.5,17.8,79.0,180.8,47.3
56778.0,1956.0,9.0,47.7,810.9,18.0,15.2,74.0,188.3,11.4
56778.0,1956.0,10.0,103.1,814.9,14.4,13.1,80.0,135.7,28.6
56778.0,1956.0,11.0,46.1,814.8,11.2,10.9,82.0,128.4,9.9
56778.0,1956.0,12.0,12.6,813.5,8.8,8.2,75.0,253.3,6.4
56778.0,1957.0,1.0,24.3,810.5,9.1,7.1,65.0,282.2,24.3
56778.0,1957.0,2.0,11.2,809.1,9.0,6.3,59.0,226.1,8.1
56778.0,1957.0,3.0,14.1,810.1,13.4,8.2,57.0,288.8,6.2
56778.0,1957.0,4.0,24.1,809.4,17.1,9.6,53.0,269.9,8.8
56778.0,1957.0,5.0,62.8,807.9,19.5,11.6,54.0,272.2,20.6
56778.0,1957.0,6.0,319.5,807.5,18.4,17.2,81.0,119.5,85.0
56778.0,1957.0,7.0,210.4,806.9,20.2,19.4,83.0,124.1,82.2
56778.0,1957.0,8.0,198.6,809.1,18.9,17.8,82.0,186.3,39.3
56778.0,1957.0,9.0,306.1,811.8,17.7,17.2,86.0,155.4,153.3
56778.0,1957.0,10.0,83.8,814.3,13.5,12.2,80.0,182.4,16.6
56778.0,1957.0,11.0,4.2,813.7,12.0,9.1,68.0,271.2,4.2
56778.0,1957.0,12.0,35.6,812.1,9.2,7.5,68.0,251.3,35.6
56778.0,1958.0,1.0,3.6,812.8,8.1,6.5,64.0,238.8,2.7
56778.0,1958.0,2.0,7.9,810.8,7.6,6.7,68.0,160.0,3.7
56778.0,1958.0,3.0,5.5,810.4,14.7,7.3,47.0,287.2,5.5
56778.0,1958.0,4.0,2.0,810.0,17.7,10.2,54.0,281.3,0.6
56778.0,1958.0,5.0,13.5,808.3,20.8,12.9,55.0,280.8,8.7
56778.0,1958.0,6.0,255.7,807.4,20.1,17.7,77.0,142.1,52.6
56778.0,1958.0,7.0,271.3,806.7,19.5,19.0,85.0,133.7,36.6
56778.0,1958.0,8.0,180.2,809.4,18.5,18.1,86.0,119.5,43.1
56778.0,1958.0,9.0,88.7,811.0,17.2,15.5,80.0,174.7,34.1
56778.0,1958.0,10.0,33.3,814.2,14.2,13.6,83.0,113.1,8.7
56778.0,1958.0,11.0,10.7,814.4,11.0,9.6,75.0,195.0,4.7
56778.0,1958.0,12.0,3.6,813.1,8.3,7.3,70.0,200.4,2.2
56778.0,1959.0,1.0,17.9,812.0,7.3,6.7,68.0,211.6,12.4
56778.0,1959.0,2.0,41.9,809.7,8.3,6.7,66.0,195.9,999812.2
56778.0,1959.0,3.0,14.3,811.4,11.8,8.5,65.0,263.3,5.3
56778.0,1959.0,4.0,12.5,810.0,17.0,10.6,59.0,258.2,8.2
56778.0,1959.0,5.0,106.6,808.3,18.4,13.6,67.0,222.9,19.3
56778.0,1959.0,6.0,126.3,807.3,20.0,18.0,78.0,201.1,25.2
56778.0,1959.0,7.0,182.4,807.8,19.7,18.5,81.0,194.0,68.1
56778.0,1959.0,8.0,213.1,807.3,19.4,18.8,84.0,209.7,110.4
56778.0,1959.0,9.0,176.2,811.1,16.8,15.8,83.0,154.0,30.3
56778.0,1959.0,10.0,78.6,814.0,14.5,13.5,83.0,137.2,16.3
56778.0,1959.0,11.0,0.0,812.6,11.4,9.1,71.0,288.6,0.0
56778.0,1959.0,12.0,18.3,812.9,9.5,7.8,70.0,257.4,15.9
56778.0,1960.0,1.0,6.6,812.4,8.2,6.5,65.0,250.8,2.8
56778.0,1960.0,2.0,0.8,812.8,9.8,7.4,66.0,201.1,0.3
56778.0,1960.0,3.0,4.0,809.3,13.9,7.2,50.0,299.0,4.0
56778.0,1960.0,4.0,4.2,809.3,16.7,8.9,52.0,267.9,3.7
56778.0,1960.0,5.0,47.1,808.6,19.2,12.6,59.0,244.2,13.6
56778.0,1960.0,6.0,94.2,808.0,20.1,17.8,76.0,181.1,28.7
56778.0,1960.0,7.0,321.1,808.1,19.0,18.5,85.0,133.0,79.7
56778.0,1960.0,8.0,79.4,808.4,19.8,18.6,81.0,239.2,23.1
56778.0,1960.0,9.0,104.8,811.9,17.8,16.4,81.0,194.7,34.3
56778.0,1960.0,10.0,28.0,814.9,15.0,13.6,80.0,159.5,11.7
56778.0,1960.0,11.0,24.6,813.7,12.1,9.3,69.0,246.3,23.2
56778.0,1960.0,12.0,2.4,812.9,8.6,8.0,74.0,202.8,1.4
56778.0,1961.0,1.0,3.7,813.0,8.5,6.7,65.0,250.2,2.6
56778.0,1961.0,2.0,29.5,809.2,9.2,7.5,68.0,173.2,15.4
56778.0,1961.0,3.0,24.7,810.9,12.4,8.2,61.0,264.3,7.5
56778.0,1961.0,4.0,16.9,809.7,16.2,10.0,58.0,291.3,6.4
56778.0,1961.0,5.0,92.1,809.7,18.6,13.3,65.0,214.8,32.6
56778.0,1961.0,6.0,139.7,808.0,20.1,17.3,74.0,245.7,38.5
56778.0,1961.0,7.0,296.1,807.1,20.0,19.2,83.0,173.5,68.1
56778.0,1961.0,8.0,172.1,808.4,19.2,18.8,85.0,193.6,39.4
56778.0,1961.0,9.0,158.5,810.8,17.5,16.2,82.0,208.2,44.2
56778.0,1961.0,10.0,202.5,813.7,16.2,14.9,82.0,187.8,85.3
56778.0,1961.0,11.0,79.6,814.8,10.9,9.5,75.0,227.1,27.7
56778.0,1961.0,12.0,39.4,812.9,7.5,7.3,73.0,222.2,20.9
56778.0,1962.0,1.0,15.0,811.6,5.9,7.0,77.0,174.1,999810.8
56778.0,1962.0,2.0,4.5,812.5,9.5,7.6,68.0,233.3,3.4
56778.0,1962.0,3.0,7.3,810.9,11.7,7.8,61.0,250.7,3.1
56778.0,1962.0,4.0,37.0,809.9,16.5,10.3,58.0,276.6,11.4
56778.0,1962.0,5.0,47.4,808.8,19.1,13.4,63.0,277.7,17.8
56778.0,1962.0,6.0,209.4,808.1,18.9,17.1,79.0,106.9,44.3
56778.0,1962.0,7.0,212.6,807.1,20.5,19.8,83.0,212.4,42.8
56778.0,1962.0,8.0,232.7,810.4,18.8,18.5,86.0,143.7,52.2
56778.0,1962.0,9.0,63.4,812.5,17.4,15.9,81.0,200.7,16.7
56778.0,1962.0,10.0,56.3,814.2,15.3,14.3,83.0,161.4,10.8
56778.0,1962.0,11.0,0.4,813.6,11.1,9.2,72.0,238.3,0.2
56778.0,1962.0,12.0,2.3,813.8,7.6,7.0,70.0,231.6,1.7
56778.0,1963.0,1.0,11.1,813.1,5.2,6.0,71.0,183.2,999806.6
56778.0,1963.0,2.0,1.3,812.5,8.6,6.4,62.0,239.6,1.0
56778.0,1963.0,3.0,6.1,811.0,12.3,7.8,58.0,287.0,2.9
56778.0,1963.0,4.0,0.5,809.9,16.3,8.8,51.0,295.6,0.4
56778.0,1963.0,5.0,12.7,808.0,20.7,12.2,53.0,335.9,8.5
56778.0,1963.0,6.0,141.4,809.2,19.1,16.7,76.0,181.4,42.2
56778.0,1963.0,7.0,274.0,807.3,19.9,19.3,83.0,153.8,85.4
56778.0,1963.0,8.0,176.5,809.4,18.8,18.7,87.0,188.3,30.0
56778.0,1963.0,9.0,72.7,811.8,18.4,17.4,83.0,240.9,43.7
56778.0,1963.0,10.0,147.0,815.4,13.9,13.5,85.0,121.0,33.8
56778.0,1963.0,11.0,31.3,814.0,11.1,9.8,77.0,247.7,10.6
56778.0,1963.0,12.0,8.8,813.5,7.7,7.5,74.0,234.1,999807.5
56778.0,1964.0,1.0,1.8,810.2,7.9,6.3,63.0,280.9,1.8
56778.0,1964.0,2.0,12.9,811.2,9.0,7.1,67.0,243.4,999804.1
56778.0,1964.0,3.0,24.1,811.3,12.2,8.1,61.0,307.5,999822.0
56778.0,1964.0,4.0,26.4,809.3,16.9,10.5,58.0,275.9,999822.5
56778.0,1964.0,5.0,163.2,810.0,18.2,15.5,75.0,199.3,61.2
56778.0,1964.0,6.0,126.7,807.1,19.6,17.9,79.0,160.8,24.6
56778.0,1964.0,7.0,332.2,808.2,19.4,18.7,84.0,161.9,87.8
56778.0,1964.0,8.0,215.3,808.0,19.3,18.8,85.0,198.9,52.6
56778.0,1964.0,9.0,57.2,811.3,18.3,17.7,85.0,200.7,19.9
56778.0,1964.0,10.0,57.5,813.2,16.2,15.3,84.0,169.5,12.5
56778.0,1964.0,11.0,12.9,814.7,11.3,10.7,80.0,153.8,4.2
56778.0,1964.0,12.0,7.6,813.3,6.5,7.4,78.0,183.1,999806.1
56778.0,1965.0,1.0,19.8,812.2,6.8,6.7,72.0,236.9,999812.1
56778.0,1965.0,2.0,11.5,810.2,9.6,6.9,63.0,239.9,999804.8
56778.0,1965.0,3.0,3.2,810.8,12.0,7.4,58.0,297.5,1.6
56778.0,1965.0,4.0,15.1,809.0,16.4,9.8,56.0,287.2,12.2
56778.0,1965.0,5.0,102.1,809.8,18.5,13.3,65.0,224.4,31.2
56778.0,1965.0,6.0,227.2,808.0,19.2,17.8,81.0,114.7,61.2
56778.0,1965.0,7.0,106.4,807.8,19.7,18.5,81.0,188.3,21.7
56778.0,1965.0,8.0,239.9,810.3,17.9,17.4,85.0,159.3,42.6
56778.0,1965.0,9.0,133.5,812.2,17.2,16.4,84.0,116.6,23.2
56778.0,1965.0,10.0,293.4,814.4,14.7,14.6,88.0,138.8,48.7
56778.0,1965.0,11.0,12.3,815.6,10.8,9.3,74.0,237.0,9.2
56778.0,1965.0,12.0,34.2,813.4,9.4,9.2,78.0,187.3,999813.3
56778.0,1966.0,1.0,7.8,812.6,9.2,7.5,68.0,274.8,3.0
56778.0,1966.0,2.0,1.8,810.7,10.4,7.4,62.0,271.8,1.8
56778.0,1966.0,3.0,0.5,808.2,13.6,8.3,57.0,302.4,0.3
56778.0,1966.0,4.0,0.1,808.3,17.5,9.3,50.0,318.1,0.1
56778.0,1966.0,5.0,87.7,809.1,18.4,14.6,71.0,211.9,27.9
56778.0,1966.0,6.0,304.7,808.4,18.3,17.4,83.0,103.3,999847.6
56778.0,1966.0,7.0,184.3,806.9,19.8,19.6,85.0,157.1,21.9
56778.0,1966.0,8.0,396.0,808.8,18.7,18.5,87.0,144.9,81.8
56778.0,1966.0,9.0,176.5,812.6,15.7,15.7,89.0,106.7,28.2
56778.0,1966.0,10.0,119.2,814.4,14.1,13.7,86.0,157.8,23.9
56778.0,1966.0,11.0,13.8,813.5,12.5,10.8,76.0,219.9,6.3
56778.0,1966.0,12.0,8.4,811.4,9.5,7.4,67.0,258.5,2.3
56778.0,1967.0,1.0,9.7,813.3,7.5,7.5,74.0,199.8,5.7
56778.0,1967.0,2.0,2.8,810.6,8.8,7.4,69.0,211.2,2.5
56778.0,1967.0,3.0,8.1,810.1,11.7,8.5,65.0,259.8,3.1
56778.0,1967.0,4.0,51.5,809.6,14.4,10.3,66.0,251.2,12.7
56778.0,1967.0,5.0,21.3,807.7,19.4,14.5,66.0,289.5,10.6
56778.0,1967.0,6.0,166.7,806.9,20.1,16.8,72.0,159.3,54.9
56778.0,1967.0,7.0,146.9,807.1,19.9,19.3,84.0,156.8,34.0
56778.0,1967.0,8.0,116.9,807.7,19.7,19.0,84.0,227.6,20.3
56778.0,1967.0,9.0,116.6,811.1,17.1,16.6,86.0,120.5,32.3
56778.0,1967.0,10.0,117.7,814.2,14.3,13.4,83.0,165.6,42.5
56778.0,1967.0,11.0,93.6,814.3,10.5,10.1,81.0,216.0,20.5
56778.0,1967.0,12.0,12.5,813.5,6.9,7.5,78.0,201.2,999809.6
56778.0,1968.0,1.0,19.7,810.8,7.6,7.2,72.0,999999.0,12.9
56778.0,1968.0,2.0,18.2,809.5,8.3,7.1,67.0,999999.0,999814.1
56778.0,1968.0,3.0,5.3,809.0,13.7,8.4,57.0,999999.0,2.4
56778.0,1968.0,4.0,65.5,811.3,14.7,10.8,67.0,999999.0,20.1
56778.0,1968.0,5.0,50.9,808.2,18.8,13.9,66.0,999999.0,14.2
56778.0,1968.0,6.0,106.9,808.5,19.3,17.2,77.0,999999.0,27.3
56778.0,1968.0,7.0,250.7,807.6,19.9,19.0,82.0,999999.0,69.6
56778.0,1968.0,8.0,167.5,808.1,19.6,19.2,84.0,999999.0,27.5
56778.0,1968.0,9.0,232.9,811.8,18.1,17.3,83.0,999999.0,69.0
56778.0,1968.0,10.0,136.7,813.9,15.2,14.7,86.0,141.9,18.1
56778.0,1968.0,11.0,1.5,814.8,12.4,10.2,74.0,272.1,1.5
56778.0,1968.0,12.0,0.0,812.2,9.1,6.9,65.0,283.9,999990.0
56778.0,1969.0,1.0,10.1,809.5,8.6,6.2,61.0,276.7,7.8
56778.0,1969.0,2.0,1.6,809.4,10.2,5.6,51.0,260.1,0.9
56778.0,1969.0,3.0,3.4,810.3,13.9,8.1,55.0,299.2,3.4
56778.0,1969.0,4.0,6.3,810.6,16.1,9.4,55.0,286.8,2.0
56778.0,1969.0,5.0,29.7,808.5,21.1,13.0,54.0,279.6,29.7
56778.0,1969.0,6.0,117.0,808.3,19.7,17.5,77.0,181.5,49.7
56778.0,1969.0,7.0,314.1,807.7,19.7,19.6,86.0,136.4,41.0
56778.0,1969.0,8.0,194.0,809.5,18.6,18.4,87.0,129.0,40.8
56778.0,1969.0,9.0,109.3,812.2,16.9,16.1,84.0,197.8,40.2
56778.0,1969.0,10.0,30.0,813.9,15.0,12.9,78.0,180.7,10.2
56778.0,1969.0,11.0,21.2,814.4,10.8,9.9,78.0,170.5,9.2
56778.0,1969.0,12.0,8.6,814.1,8.1,7.9,76.0,193.4,3.9
56778.0,1970.0,1.0,11.5,811.6,7.2,6.6,69.0,261.8,999808.5
56778.0,1970.0,2.0,2.3,811.2,9.9,7.0,62.0,258.3,999801.3
56778.0,1970.0,3.0,36.7,808.9,13.3,8.2,58.0,291.5,999822.2
56778.0,1970.0,4.0,72.2,811.4,14.9,11.1,68.0,251.1,34.8
56778.0,1970.0,5.0,67.3,809.5,18.4,14.3,70.0,195.4,24.4
56778.0,1970.0,6.0,141.7,809.2,19.0,17.2,79.0,158.6,29.8
56778.0,1970.0,7.0,257.6,806.7,19.4,19.3,86.0,78.5,47.2
56778.0,1970.0,8.0,159.9,809.5,19.3,18.7,85.0,215.3,67.5
56778.0,1970.0,9.0,98.7,810.7,17.6,16.8,84.0,151.6,58.2
56778.0,1970.0,10.0,40.4,814.6,13.4,12.2,80.0,160.1,15.8
56778.0,1970.0,11.0,72.9,815.1,10.5,10.3,83.0,159.0,15.2
56778.0,1970.0,12.0,66.6,812.4,8.4,8.5,79.0,215.1,26.0
56778.0,1971.0,1.0,20.5,812.0,5.9,6.7,76.0,207.8,999808.5
56778.0,1971.0,2.0,15.5,810.1,7.6,6.6,69.0,224.5,999807.2
56778.0,1971.0,3.0,18.7,811.9,12.1,8.5,65.0,268.7,6.3
56778.0,1971.0,4.0,20.6,810.1,15.9,11.0,65.0,266.5,8.2
56778.0,1971.0,5.0,122.3,809.5,17.8,14.0,71.0,212.6,32.7
56778.0,1971.0,6.0,290.0,807.2,19.5,18.6,83.0,127.3,68.0
56778.0,1971.0,7.0,155.2,807.8,19.0,18.5,85.0,172.0,21.2
56778.0,1971.0,8.0,309.6,809.2,18.0,18.0,88.0,137.2,59.5
56778.0,1971.0,9.0,112.3,811.2,17.6,17.3,86.0,139.8,46.7
56778.0,1971.0,10.0,105.8,815.7,13.3,12.0,79.0,159.3,30.0
56778.0,1971.0,11.0,11.3,816.6,9.4,8.8,75.0,242.4,999804.1
56778.0,1971.0,12.0,7.7,813.8,7.3,7.7,78.0,176.9,3.8
56778.0,1972.0,1.0,5.7,811.8,8.1,7.5,72.0,218.7,2.9
56778.0,1972.0,2.0,6.6,808.4,8.6,7.0,67.0,216.2,3.2
56778.0,1972.0,3.0,17.7,810.9,11.9,8.6,66.0,263.8,999811.3
56778.0,1972.0,4.0,38.3,810.2,14.3,10.3,67.0,232.4,999813.3
56778.0,1972.0,5.0,90.8,808.1,19.1,14.2,66.0,262.1,63.6
56778.0,1972.0,6.0,170.1,808.1,19.7,18.0,79.0,174.0,43.3
56778.0,1972.0,7.0,208.0,806.3,19.8,19.0,83.0,171.7,43.3
56778.0,1972.0,8.0,103.9,809.2,19.0,18.1,83.0,210.5,32.3
56778.0,1972.0,9.0,140.3,812.7,17.0,16.6,86.0,137.3,42.7
56778.0,1972.0,10.0,44.2,814.4,15.9,14.0,79.0,227.1,30.7
56778.0,1972.0,11.0,147.3,814.9,10.9,10.7,84.0,156.7,29.9
56778.0,1972.0,12.0,2.5,812.8,8.3,8.1,76.0,226.6,1.5
56778.0,1973.0,1.0,5.4,810.7,8.1,7.0,69.0,235.5,1.9
56778.0,1973.0,2.0,6.1,811.8,10.8,7.2,60.0,265.1,2.7
56778.0,1973.0,3.0,54.5,811.5,12.7,8.8,64.0,292.3,46.5
56778.0,1973.0,4.0,29.4,808.7,17.3,11.2,60.0,278.4,999816.4
56778.0,1973.0,5.0,133.3,809.0,19.3,16.2,74.0,211.0,33.4
56778.0,1973.0,6.0,246.9,807.5,19.9,18.8,82.0,120.0,63.7
56778.0,1973.0,7.0,277.0,808.0,19.5,18.6,83.0,189.9,999866.4
56778.0,1973.0,8.0,172.8,810.0,18.8,18.4,86.0,166.5,32.8
56778.0,1973.0,9.0,147.0,812.5,17.8,17.1,85.0,147.9,46.1
56778.0,1973.0,10.0,63.2,814.8,15.0,13.7,81.0,126.1,34.5
56778.0,1973.0,11.0,98.7,815.7,10.7,11.0,85.0,114.5,26.5
56778.0,1973.0,12.0,3.0,814.3,7.7,8.0,77.0,201.0,2.3
56778.0,1974.0,1.0,1.9,810.0,6.8,5.9,65.0,277.5,0.5
56778.0,1974.0,2.0,1.0,810.0,8.3,6.9,68.0,220.9,1.0
56778.0,1974.0,3.0,25.3,811.1,11.6,7.9,63.0,249.8,999811.2
56778.0,1974.0,4.0,63.8,810.2,14.3,11.1,71.0,225.3,17.5
56778.0,1974.0,5.0,220.2,809.5,18.3,15.2,74.0,218.7,94.9
56778.0,1974.0,6.0,173.6,807.2,19.2,17.8,80.0,115.3,61.6
56778.0,1974.0,7.0,219.1,807.4,19.1,18.7,85.0,130.6,24.6
56778.0,1974.0,8.0,280.6,808.3,18.0,17.8,87.0,91.8,61.4
56778.0,1974.0,9.0,62.0,811.2,17.5,17.0,86.0,142.5,10.1
56778.0,1974.0,10.0,57.1,813.4,15.7,14.1,79.0,138.8,12.6
56778.0,1974.0,11.0,37.5,814.3,13.0,12.0,81.0,159.1,14.0
56778.0,1974.0,12.0,1.2,812.7,8.6,7.6,72.0,274.0,1.2
56778.0,1975.0,1.0,31.1,812.5,8.2,7.2,71.0,254.5,22.1
56778.0,1975.0,2.0,9.5,810.3,10.2,7.3,63.0,264.2,999804.0
56778.0,1975.0,3.0,3.3,809.6,13.5,7.7,55.0,300.9,2.1
56778.0,1975.0,4.0,7.3,808.7,17.0,9.9,55.0,284.3,4.0
56778.0,1975.0,5.0,218.3,808.4,19.3,14.1,66.0,213.2,59.6
56778.0,1975.0,6.0,107.4,807.3,19.7,18.1,79.0,131.8,20.1
56778.0,1975.0,7.0,141.7,808.3,19.4,18.3,82.0,145.4,29.7
56778.0,1975.0,8.0,198.9,808.8,18.8,17.7,83.0,178.8,40.9
56778.0,1975.0,9.0,40.7,811.7,17.7,16.4,83.0,187.3,10.3
56778.0,1975.0,10.0,49.8,813.0,15.6,13.9,79.0,142.8,16.4
56778.0,1975.0,11.0,101.7,813.6,10.5,10.3,81.0,141.0,41.7
56778.0,1975.0,12.0,3.3,813.7,4.9,5.9,72.0,210.0,999802.6
56778.0,1976.0,1.0,24.5,812.1,6.5,6.9,74.0,205.9,17.6
56778.0,1976.0,2.0,23.1,809.2,9.8,7.3,64.0,254.3,18.1
56778.0,1976.0,3.0,37.5,809.7,11.7,7.9,62.0,276.2,999832.2
56778.0,1976.0,4.0,4.3,809.4,16.0,9.8,58.0,281.9,2.3
56778.0,1976.0,5.0,140.7,808.9,18.1,15.3,75.0,200.6,35.8
56778.0,1976.0,6.0,205.4,807.9,18.6,16.7,78.0,128.8,71.3
56778.0,1976.0,7.0,261.4,808.1,19.3,18.4,83.0,154.1,56.9
56778.0,1976.0,8.0,224.3,809.8,18.8,18.1,84.0,183.4,63.5
56778.0,1976.0,9.0,138.1,811.8,17.1,16.1,83.0,116.4,56.7
56778.0,1976.0,10.0,109.5,813.3,15.0,12.9,78.0,206.9,53.6
56778.0,1976.0,11.0,20.9,814.1,10.2,9.6,78.0,144.5,6.5
56778.0,1976.0,12.0,0.7,811.9,8.5,7.0,68.0,248.4,0.4
56778.0,1977.0,1.0,1.6,809.5,8.0,6.2,62.0,246.0,0.9
56778.0,1977.0,2.0,47.7,812.3,7.2,7.1,73.0,176.7,999840.9
56778.0,1977.0,3.0,9.9,813.4,12.4,8.3,61.0,239.0,8.6
56778.0,1977.0,4.0,60.3,809.7,15.8,11.0,65.0,233.1,29.2
56778.0,1977.0,5.0,38.5,809.1,19.2,13.5,63.0,270.8,9.4
56778.0,1977.0,6.0,36.1,807.4,20.6,16.5,69.0,221.8,15.0
56778.0,1977.0,7.0,230.3,807.1,20.0,19.3,84.0,123.2,61.0
56778.0,1977.0,8.0,112.6,809.7,18.9,17.9,83.0,138.8,26.4
56778.0,1977.0,9.0,162.3,813.0,16.9,15.9,83.0,143.0,22.0
56778.0,1977.0,10.0,57.9,815.5,14.3,13.2,82.0,144.7,12.9
56778.0,1977.0,11.0,45.0,815.4,10.6,10.2,80.0,130.4,18.2
56778.0,1977.0,12.0,9.9,813.8,7.8,7.4,73.0,220.0,3.5
56778.0,1978.0,1.0,31.9,812.0,6.5,6.6,71.0,191.5,10.2
56778.0,1978.0,2.0,23.8,812.7,8.8,6.9,66.0,235.8,999807.6
56778.0,1978.0,3.0,2.5,809.2,13.0,7.3,54.0,308.2,1.3
56778.0,1978.0,4.0,9.9,809.8,15.6,9.8,60.0,269.0,999804.0
56778.0,1978.0,5.0,141.9,809.1,17.5,15.2,77.0,167.0,22.1
56778.0,1978.0,6.0,287.5,808.3,19.1,18.2,83.0,114.4,69.3
56778.0,1978.0,7.0,148.1,808.8,19.5,18.8,83.0,178.2,30.4
56778.0,1978.0,8.0,191.6,809.2,19.1,17.7,81.0,203.5,35.9
56778.0,1978.0,9.0,117.2,812.4,16.5,15.4,83.0,116.0,29.1
56778.0,1978.0,10.0,22.1,814.7,14.4,12.3,76.0,195.0,8.8
56778.0,1978.0,11.0,7.8,813.8,11.5,9.5,73.0,241.2,3.4
56778.0,1978.0,12.0,0.0,814.7,8.6,7.2,68.0,263.7,999990.0
56778.0,1979.0,1.0,2.3,812.2,8.5,5.6,56.0,291.8,999802.3
56778.0,1979.0,2.0,2.5,810.1,10.2,6.1,55.0,275.0,0.8
56778.0,1979.0,3.0,10.0,808.5,13.9,7.2,50.0,290.7,8.8
56778.0,1979.0,4.0,2.9,809.8,17.4,10.2,56.0,271.7,2.6
56778.0,1979.0,5.0,25.5,808.4,19.5,13.6,63.0,215.1,9.7
56778.0,1979.0,6.0,203.2,809.7,19.2,17.5,78.0,117.0,61.2
56778.0,1979.0,7.0,268.3,808.6,19.9,19.5,85.0,134.0,51.4
56778.0,1979.0,8.0,270.2,808.6,19.7,18.9,84.0,163.3,85.6
56778.0,1979.0,9.0,129.8,812.7,17.7,17.0,85.0,114.1,45.4
56778.0,1979.0,10.0,45.8,816.1,13.1,11.7,79.0,156.3,13.8
56778.0,1979.0,11.0,9.1,815.3,9.4,8.9,76.0,143.8,999803.8
56778.0,1979.0,12.0,16.9,814.1,8.1,7.6,73.0,203.4,7.0
56778.0,1980.0,1.0,16.7,810.6,7.7,5.9,61.0,268.9,15.4
56778.0,1980.0,2.0,1.7,810.1,10.2,6.7,58.0,252.7,0.6
56778.0,1980.0,3.0,5.2,810.2,13.4,7.5,53.0,285.1,2.0
56778.0,1980.0,4.0,2.0,809.9,17.1,9.6,53.0,266.6,0.7
56778.0,1980.0,5.0,96.9,809.7,18.6,13.5,64.0,192.1,29.9
56778.0,1980.0,6.0,157.2,810.4,19.6,18.4,81.0,114.9,24.5
56778.0,1980.0,7.0,132.5,808.6,20.0,18.9,81.0,128.6,45.7
56778.0,1980.0,8.0,298.2,809.7,19.0,18.8,86.0,118.7,79.9
56778.0,1980.0,9.0,76.7,813.2,17.4,16.4,83.0,103.7,29.0
56778.0,1980.0,10.0,94.9,814.4,15.2,14.0,82.0,121.0,23.6
56778.0,1980.0,11.0,0.0,814.4,11.9,9.8,73.0,232.9,999990.0
56778.0,1980.0,12.0,17.9,812.5,9.1,8.2,73.0,204.4,10.6
56778.0,1981.0,1.0,14.6,812.5,8.0,7.4,72.0,226.1,5.0
56778.0,1981.0,2.0,11.6,809.9,10.4,6.8,58.0,248.6,6.9
56778.0,1981.0,3.0,22.6,811.2,12.7,8.0,58.0,252.7,7.1
56778.0,1981.0,4.0,24.4,810.0,15.8,10.1,61.0,241.5,14.9
56778.0,1981.0,5.0,116.5,809.6,18.1,14.0,69.0,176.8,36.1
56778.0,1981.0,6.0,156.3,807.5,19.4,18.3,82.0,124.2,22.7
56778.0,1981.0,7.0,211.3,807.7,19.8,19.3,84.0,148.0,36.8
56778.0,1981.0,8.0,130.3,807.4,20.3,19.6,83.0,189.2,29.1
56778.0,1981.0,9.0,282.8,812.1,18.6,17.1,81.0,181.2,75.9
56778.0,1981.0,10.0,32.0,812.6,16.4,14.5,78.0,157.6,11.7
56778.0,1981.0,11.0,87.6,813.8,12.5,11.1,77.0,153.8,59.9
56778.0,1981.0,12.0,19.9,814.8,7.4,7.8,77.0,161.1,14.0
56778.0,1982.0,1.0,10.9,812.3,7.9,7.1,70.0,230.9,10.7
56778.0,1982.0,2.0,38.9,810.0,8.8,7.1,67.0,191.7,10.8
56778.0,1982.0,3.0,3.2,809.7,13.5,7.5,52.0,280.3,2.2
56778.0,1982.0,4.0,32.4,810.4,14.5,10.3,66.0,197.0,19.2
56778.0,1982.0,5.0,7.9,809.5,19.5,13.6,61.0,257.9,5.0
56778.0,1982.0,6.0,96.4,808.6,19.5,17.4,77.0,131.3,20.2
56778.0,1982.0,7.0,92.1,807.1,20.4,19.3,81.0,148.5,29.7
56778.0,1982.0,8.0,180.1,808.3,19.8,18.6,82.0,184.6,67.3
56778.0,1982.0,9.0,150.0,811.8,18.1,17.4,85.0,123.1,30.5
56778.0,1982.0,10.0,110.5,814.3,16.0,14.1,79.0,181.8,15.7
56778.0,1982.0,11.0,48.9,813.8,10.9,10.1,79.0,167.2,12.1
56778.0,1982.0,12.0,5.0,813.7,5.6,6.5,73.0,153.8,2.6
56778.0,1983.0,1.0,32.4,813.1,6.0,6.5,72.0,168.1,13.5
56778.0,1983.0,2.0,44.1,810.5,8.4,6.8,64.0,166.2,15.4
56778.0,1983.0,3.0,77.1,810.3,10.6,8.3,68.0,205.8,15.4
56778.0,1983.0,4.0,9.6,809.4,15.6,9.7,58.0,255.4,2.3
56778.0,1983.0,5.0,38.4,808.9,20.2,13.4,58.0,287.4,26.5
56778.0,1983.0,6.0,95.7,808.3,20.5,18.2,76.0,163.5,28.8
56778.0,1983.0,7.0,170.5,808.0,20.5,19.2,80.0,148.6,79.5
56778.0,1983.0,8.0,410.1,810.3,18.8,18.7,86.0,120.7,63.5
56778.0,1983.0,9.0,156.6,811.6,18.0,17.7,87.0,128.4,60.7
56778.0,1983.0,10.0,68.6,814.2,16.3,15.2,82.0,132.2,20.2
56778.0,1983.0,11.0,83.1,816.5,11.2,10.6,79.0,108.2,29.1
56778.0,1983.0,12.0,51.1,813.9,6.4,7.2,77.0,195.8,27.3
56778.0,1984.0,1.0,1.8,810.3,8.1,7.1,69.0,237.4,1.8
56778.0,1984.0,2.0,1.2,809.9,11.0,7.3,60.0,237.3,0.8
56778.0,1984.0,3.0,1.2,809.6,13.2,7.7,55.0,273.8,0.8
56778.0,1984.0,4.0,18.0,808.9,17.9,10.2,53.0,221.8,9.4
56778.0,1984.0,5.0,69.2,808.7,18.4,14.9,71.0,198.9,20.5
56778.0,1984.0,6.0,156.2,807.4,19.6,18.2,80.0,139.7,36.8
56778.0,1984.0,7.0,164.2,807.6,19.6,19.1,84.0,137.5,43.3
56778.0,1984.0,8.0,162.8,808.4,19.5,18.3,81.0,154.8,32.7
56778.0,1984.0,9.0,88.7,811.9,16.9,15.5,82.0,134.3,21.9
56778.0,1984.0,10.0,86.0,814.1,14.4,13.0,79.0,129.0,15.0
56778.0,1984.0,11.0,4.4,814.6,11.5,9.4,72.0,227.3,3.0
56778.0,1984.0,12.0,1.4,811.0,9.6,7.8,69.0,211.3,1.4
56778.0,1985.0,1.0,0.0,811.8,8.4,6.1,60.0,230.5,999990.0
56778.0,1985.0,2.0,8.9,807.1,9.3,6.4,58.0,235.9,3.8
56778.0,1985.0,3.0,22.7,810.5,11.8,8.7,67.0,175.9,10.8
56778.0,1985.0,4.0,77.5,809.5,14.9,11.6,71.0,179.7,22.5
56778.0,1985.0,5.0,165.4,809.1,18.9,14.9,71.0,213.0,56.0
56778.0,1985.0,6.0,149.6,807.2,19.4,18.4,82.0,110.4,30.8
56778.0,1985.0,7.0,184.9,809.0,18.9,18.5,85.0,131.7,50.5
56778.0,1985.0,8.0,263.0,808.2,19.7,18.8,83.0,176.0,75.5
56778.0,1985.0,9.0,119.2,812.5,17.3,16.3,83.0,103.4,20.6
56778.0,1985.0,10.0,42.1,814.6,14.8,12.6,76.0,179.0,20.9
56778.0,1985.0,11.0,21.4,813.9,11.2,10.0,77.0,171.5,13.2
56778.0,1985.0,12.0,3.5,813.2,8.2,7.6,73.0,195.4,2.4
56778.0,1986.0,1.0,0.6,812.8,7.5,7.1,71.0,198.7,0.5
56778.0,1986.0,2.0,0.0,810.4,10.0,6.8,59.0,245.1,999990.0
56778.0,1986.0,3.0,2.9,810.0,12.3,6.8,52.0,257.0,1.3
56778.0,1986.0,4.0,37.5,810.5,16.3,10.7,61.0,218.1,10.8
56778.0,1986.0,5.0,71.1,808.3,19.0,15.4,72.0,191.8,20.5
56778.0,1986.0,6.0,400.3,806.0,20.5,18.8,79.0,167.8,165.4
56778.0,1986.0,7.0,364.6,807.8,18.8,18.8,87.0,79.2,43.0
56778.0,1986.0,8.0,226.0,809.0,18.7,17.9,84.0,130.4,39.1
56778.0,1986.0,9.0,90.1,813.0,16.6,15.4,82.0,106.3,17.8
56778.0,1986.0,10.0,169.4,814.7,14.0,13.1,83.0,128.4,39.7
56778.0,1986.0,11.0,20.3,813.7,11.6,10.3,77.0,161.7,7.6
56778.0,1986.0,12.0,3.7,814.1,9.0,7.8,71.0,174.7,2.6
56778.0,1987.0,1.0,29.8,813.6,8.5,7.5,71.0,203.5,11.8
56778.0,1987.0,2.0,11.4,812.7,10.2,7.1,62.0,214.8,8.1
56778.0,1987.0,3.0,0.3,809.5,13.7,7.7,53.0,278.6,0.2
56778.0,1987.0,4.0,26.0,810.3,16.9,10.2,56.0,229.9,10.3
56778.0,1987.0,5.0,36.8,809.0,20.8,13.4,57.0,308.3,11.4
56778.0,1987.0,6.0,82.1,807.4,20.6,18.3,76.0,118.4,16.9
56778.0,1987.0,7.0,84.5,807.3,20.0,18.9,81.0,77.3,22.3
56778.0,1987.0,8.0,130.1,809.7,19.2,17.9,81.0,81.7,29.1
56778.0,1987.0,9.0,137.3,813.0,17.4,16.6,84.0,65.7,26.8
56778.0,1987.0,10.0,58.3,813.2,16.3,13.9,77.0,191.0,25.0
56778.0,1987.0,11.0,44.3,813.6,13.0,11.4,77.0,178.5,20.9
56778.0,1987.0,12.0,19.1,815.9,6.0,7.4,80.0,134.2,9.0
56778.0,1988.0,1.0,4.8,811.5,9.1,7.3,67.0,245.9,4.6
56778.0,1988.0,2.0,20.1,810.4,11.2,7.7,62.0,249.1,10.0
56778.0,1988.0,3.0,0.0,807.9,14.2,8.0,53.0,260.8,999990.0
56778.0,1988.0,4.0,23.0,811.0,16.3,10.9,62.0,211.8,9.1
56778.0,1988.0,5.0,42.8,808.5,20.2,15.9,69.0,218.1,28.1
56778.0,1988.0,6.0,172.8,807.9,20.6,17.7,74.0,159.3,80.7
56778.0,1988.0,7.0,129.0,808.1,20.0,19.2,83.0,114.2,46.2
56778.0,1988.0,8.0,195.1,808.5,19.5,19.2,86.0,65.6,32.9
56778.0,1988.0,9.0,100.5,811.7,17.0,16.4,85.0,77.7,21.5
56778.0,1988.0,10.0,44.9,813.5,15.4,14.4,82.0,97.6,7.8
56778.0,1988.0,11.0,23.5,816.5,11.1,10.7,82.0,114.1,15.6
56778.0,1988.0,12.0,0.8,814.3,8.8,8.4,77.0,174.3,0.4
56778.0,1989.0,1.0,0.6,810.0,7.9,6.7,67.0,222.7,0.4
56778.0,1989.0,2.0,1.5,809.6,10.0,7.1,62.0,191.2,1.4
56778.0,1989.0,3.0,15.7,809.5,12.4,8.8,65.0,208.3,6.8
56778.0,1989.0,4.0,1.5,807.6,17.3,9.2,50.0,234.5,0.8
56778.0,1989.0,5.0,136.2,809.2,18.5,14.6,71.0,159.0,35.5
56778.0,1989.0,6.0,106.7,807.8,20.3,18.2,78.0,159.4,34.8
56778.0,1989.0,7.0,163.4,808.6,19.5,18.5,82.0,101.0,74.9
56778.0,1989.0,8.0,109.6,809.1,19.2,18.0,82.0,157.7,50.3
56778.0,1989.0,9.0,77.0,811.1,18.8,17.5,81.0,91.3,27.3
56778.0,1989.0,10.0,98.0,814.7,15.4,14.7,84.0,67.7,19.1
56778.0,1989.0,11.0,37.2,814.9,11.6,9.8,74.0,170.4,17.9
56778.0,1989.0,12.0,44.0,813.9,7.3,7.4,74.0,182.0,16.2
56778.0,1990.0,1.0,3.3,811.4,8.2,6.9,67.0,218.6,2.9
56778.0,1990.0,2.0,10.2,810.6,9.8,7.7,67.0,215.2,3.4
56778.0,1990.0,3.0,35.7,810.8,12.0,8.9,67.0,194.4,7.5
56778.0,1990.0,4.0,25.2,808.1,15.9,10.2,60.0,221.1,6.1
56778.0,1990.0,5.0,170.0,809.5,16.9,14.3,75.0,130.1,32.3
56778.0,1990.0,6.0,219.9,806.9,18.9,18.2,84.0,55.2,48.6
56778.0,1990.0,7.0,163.1,806.9,19.4,19.3,86.0,75.3,29.7
56778.0,1990.0,8.0,135.5,809.0,20.2,18.7,80.0,201.3,76.9
56778.0,1990.0,9.0,100.6,811.5,18.1,16.2,79.0,108.2,38.7
56778.0,1990.0,10.0,95.9,814.1,15.4,14.4,83.0,101.0,23.9
56778.0,1990.0,11.0,13.1,814.2,12.9,10.9,74.0,192.4,8.8
56778.0,1990.0,12.0,5.5,814.1,8.7,8.2,75.0,193.3,2.4
56778.0,1991.0,1.0,30.3,810.9,8.8,7.2,67.0,229.4,11.2
56778.0,1991.0,2.0,7.4,810.7,10.3,7.4,63.0,208.7,4.4
56778.0,1991.0,3.0,14.5,809.7,14.4,8.7,57.0,276.0,8.6
56778.0,1991.0,4.0,32.9,809.5,16.8,10.3,58.0,251.6,15.8
56778.0,1991.0,5.0,23.0,809.2,19.0,13.9,65.0,242.6,8.7
56778.0,1991.0,6.0,163.7,807.3,20.1,19.0,81.0,135.4,35.6
56778.0,1991.0,7.0,140.0,806.7,20.1,19.6,84.0,123.7,53.5
56778.0,1991.0,8.0,207.3,809.1,19.1,18.5,84.0,112.4,76.2
56778.0,1991.0,9.0,220.1,811.7,17.7,17.5,87.0,57.5,58.9
56778.0,1991.0,10.0,169.6,813.1,15.7,15.0,84.0,124.7,76.1
56778.0,1991.0,11.0,56.1,814.8,11.7,10.9,80.0,153.4,18.6
56778.0,1991.0,12.0,7.7,813.5,8.1,7.9,75.0,196.5,4.3
56778.0,1992.0,1.0,26.5,813.0,6.1,7.1,77.0,137.7,5.8
56778.0,1992.0,2.0,33.6,809.3,7.8,6.9,68.0,161.0,13.0
56778.0,1992.0,3.0,11.7,808.4,13.8,8.9,59.0,229.9,6.6
56778.0,1992.0,4.0,4.0,808.9,16.9,10.2,57.0,235.2,1.9
56778.0,1992.0,5.0,58.2,808.1,19.5,13.1,61.0,206.2,24.1
56778.0,1992.0,6.0,108.8,807.2,20.7,18.0,75.0,168.7,25.9
56778.0,1992.0,7.0,73.1,808.8,19.4,18.1,81.0,96.9,9.6
56778.0,1992.0,8.0,112.8,809.5,20.0,17.7,76.0,188.0,63.4
56778.0,1992.0,9.0,82.3,810.9,18.5,16.9,81.0,126.1,35.4
56778.0,1992.0,10.0,126.5,814.6,13.9,13.1,83.0,86.4,18.9
56778.0,1992.0,11.0,23.0,816.0,10.1,9.1,74.0,151.1,17.4
56778.0,1992.0,12.0,1.1,814.1,7.6,6.8,68.0,234.1,1.1
56778.0,1993.0,1.0,24.1,811.5,7.0,7.1,74.0,158.1,10.4
56778.0,1993.0,2.0,33.3,811.7,10.5,8.3,68.0,169.1,18.7
56778.0,1993.0,3.0,0.4,810.3,14.1,8.0,53.0,282.6,0.4
56778.0,1993.0,4.0,21.3,810.4,16.8,10.2,57.0,267.6,11.3
56778.0,1993.0,5.0,64.8,809.1,19.1,14.2,66.0,231.7,14.3
56778.0,1993.0,6.0,46.9,807.9,20.8,18.0,74.0,216.8,20.6
56778.0,1993.0,7.0,137.1,807.2,20.7,19.5,81.0,117.0,65.5
56778.0,1993.0,8.0,158.3,809.1,19.8,19.3,84.0,109.2,37.0
56778.0,1993.0,9.0,101.1,812.8,18.0,16.8,82.0,114.8,16.5
56778.0,1993.0,10.0,144.3,815.8,14.1,13.8,86.0,63.6,38.9
56778.0,1993.0,11.0,17.5,814.6,11.7,9.8,74.0,224.6,13.4
56778.0,1993.0,12.0,13.3,815.3,8.8,8.1,73.0,201.4,6.8
56778.0,1994.0,1.0,0.3,811.2,10.9,7.2,60.0,268.9,0.3
56778.0,1994.0,2.0,38.5,809.5,11.5,6.9,55.0,237.8,21.3
56778.0,1994.0,3.0,51.9,811.6,12.4,8.7,65.0,204.5,12.8
56778.0,1994.0,4.0,0.1,809.3,19.1,10.4,50.0,322.0,0.1
56778.0,1994.0,5.0,65.3,809.9,19.6,15.5,70.0,189.4,24.2
56778.0,1994.0,6.0,352.5,807.8,19.6,18.3,81.0,84.0,66.5
56778.0,1994.0,7.0,341.6,807.3,20.2,18.3,78.0,182.7,69.7
56778.0,1994.0,8.0,138.8,809.8,19.9,18.1,79.0,156.4,29.3
56778.0,1994.0,9.0,121.6,812.1,18.6,17.1,80.0,112.5,75.5
56778.0,1994.0,10.0,59.7,814.5,15.6,13.3,75.0,169.5,24.4
56778.0,1994.0,11.0,44.8,816.3,12.2,10.9,79.0,174.9,14.9
56778.0,1994.0,12.0,45.0,814.1,9.3,8.5,75.0,232.1,13.3
56778.0,1995.0,1.0,13.7,813.0,9.2,7.6,69.0,214.7,11.0
56778.0,1995.0,2.0,24.3,811.1,9.5,7.5,67.0,182.1,14.1
56778.0,1995.0,3.0,0.9,810.1,14.5,8.0,52.0,259.8,0.5
56778.0,1995.0,4.0,1.6,809.8,19.1,9.2,44.0,291.0,1.6
56778.0,1995.0,5.0,48.9,809.7,19.2,15.0,68.0,194.8,15.3
56778.0,1995.0,6.0,157.8,807.9,20.7,18.1,75.0,141.3,32.4
56778.0,1995.0,7.0,280.1,808.1,20.0,18.9,82.0,110.1,69.6
56778.0,1995.0,8.0,238.6,809.8,19.6,18.4,81.0,95.9,43.0
56778.0,1995.0,9.0,169.2,813.0,18.1,16.8,82.0,115.6,26.2
56778.0,1995.0,10.0,24.0,814.3,16.8,14.6,77.0,162.8,8.2
56778.0,1995.0,11.0,67.1,814.4,11.6,11.0,80.0,122.8,20.8
56778.0,1995.0,12.0,0.4,814.2,9.1,8.2,73.0,208.4,0.3
56778.0,1996.0,1.0,0.1,810.1,9.2,7.0,64.0,258.3,0.1
56778.0,1996.0,2.0,3.3,811.0,10.2,7.4,64.0,211.8,2.6
56778.0,1996.0,3.0,38.6,808.4,14.7,8.8,57.0,249.9,15.4
56778.0,1996.0,4.0,17.2,808.9,17.5,10.1,54.0,249.8,9.8
56778.0,1996.0,5.0,81.4,809.0,19.2,15.0,69.0,218.7,36.2
56778.0,1996.0,6.0,138.0,808.7,19.6,17.4,77.0,123.8,65.8
56778.0,1996.0,7.0,181.2,806.9,19.9,18.8,82.0,69.5,47.3
56778.0,1996.0,8.0,138.7,809.4,20.0,17.6,76.0,175.2,46.5
56778.0,1996.0,9.0,83.0,811.4,18.6,15.6,74.0,136.8,44.1
56778.0,1996.0,10.0,88.3,813.4,16.3,14.5,79.0,144.9,32.9
56778.0,1996.0,11.0,84.6,813.2,13.3,11.8,78.0,145.9,23.6
56778.0,1996.0,12.0,11.3,813.1,9.0,8.4,75.0,172.0,10.6
56778.0,1997.0,1.0,14.7,810.6,8.6,7.0,65.0,213.9,14.3
56778.0,1997.0,2.0,22.1,809.1,9.7,7.6,65.0,160.2,10.9
56778.0,1997.0,3.0,37.6,810.2,14.3,9.0,58.0,248.1,14.3
56778.0,1997.0,4.0,57.2,810.2,15.4,10.1,61.0,229.8,21.1
56778.0,1997.0,5.0,28.2,807.9,20.0,13.1,58.0,253.8,11.6
56778.0,1997.0,6.0,172.8,807.2,20.4,16.9,72.0,141.7,45.2
56778.0,1997.0,7.0,368.4,807.3,19.5,18.8,84.0,44.5,63.1
56778.0,1997.0,8.0,357.7,808.8,20.4,17.4,74.0,140.2,84.5
56778.0,1997.0,9.0,157.2,813.1,16.7,14.6,77.0,119.8,28.8
56778.0,1997.0,10.0,79.7,814.6,16.1,13.6,76.0,179.4,44.0
56778.0,1997.0,11.0,7.2,813.4,13.1,10.4,71.0,189.5,3.6
56778.0,1997.0,12.0,15.1,812.8,10.5,8.7,71.0,197.8,8.1
56778.0,1998.0,1.0,11.2,810.2,10.4,7.2,60.0,241.8,6.3
56778.0,1998.0,2.0,4.4,810.3,12.1,7.4,56.0,215.4,4.4
56778.0,1998.0,3.0,18.4,809.7,15.7,8.5,51.0,249.8,4.9
56778.0,1998.0,4.0,38.6,810.2,17.6,11.5,60.0,227.0,13.8
56778.0,1998.0,5.0,73.5,809.2,20.8,14.4,61.0,237.2,37.2
56778.0,1998.0,6.0,474.9,807.3,20.4,18.7,79.0,104.3,79.0
56778.0,1998.0,7.0,332.1,806.9,20.4,20.0,84.0,47.8,45.7
56778.0,1998.0,8.0,122.6,809.9,20.4,18.7,79.0,107.7,28.1
56778.0,1998.0,9.0,34.7,812.4,19.4,15.0,67.0,168.6,16.9
56778.0,1998.0,10.0,27.2,813.5,16.7,13.4,72.0,155.3,7.5
56778.0,1998.0,11.0,38.8,814.1,13.6,10.9,72.0,186.8,23.7
56778.0,1998.0,12.0,17.4,814.6,10.6,8.4,68.0,189.4,10.9
56778.0,1999.0,1.0,78.0,810.9,9.8,7.9,68.0,209.5,46.3
56778.0,1999.0,2.0,0.0,812.1,14.3,8.6,56.0,237.6,0.0
56778.0,1999.0,3.0,2.2,806.1,16.8,8.2,46.0,280.7,1.0
56778.0,1999.0,4.0,3.3,808.4,19.8,11.6,53.0,241.7,1.4
56778.0,1999.0,5.0,208.7,809.2,17.8,14.2,71.0,131.6,111.9
56778.0,1999.0,6.0,180.2,806.9,21.6,18.7,74.0,161.5,73.5
56778.0,1999.0,7.0,279.9,806.2,20.4,19.0,80.0,113.6,50.5
56778.0,1999.0,8.0,375.4,808.6,19.5,18.4,82.0,91.8,87.9
56778.0,1999.0,9.0,123.1,811.2,19.2,16.5,75.0,152.4,39.6
56778.0,1999.0,10.0,138.4,813.7,17.2,15.1,78.0,122.8,42.6
56778.0,1999.0,11.0,50.1,813.4,12.8,11.1,76.0,166.9,15.9
56778.0,1999.0,12.0,10.6,815.1,8.2,7.8,70.0,171.4,6.2
56778.0,2000.0,1.0,35.1,810.8,9.0,6.8,63.0,193.0,29.1
56778.0,2000.0,2.0,23.0,809.1,10.7,7.3,61.0,222.8,13.8
56778.0,2000.0,3.0,44.5,809.5,13.9,9.0,60.0,217.0,13.0
56778.0,2000.0,4.0,16.0,808.5,17.9,12.0,61.0,208.1,4.7
56778.0,2000.0,5.0,188.6,809.6,18.2,14.5,70.0,156.7,60.5
56778.0,2000.0,6.0,118.5,807.6,19.5,17.5,78.0,79.4,16.0
56778.0,2000.0,7.0,162.0,806.9,20.4,18.5,78.0,133.2,39.3
56778.0,2000.0,8.0,164.1,808.2,20.4,18.6,78.0,117.0,38.8
56778.0,2000.0,9.0,54.5,811.0,18.8,15.5,72.0,132.2,39.8
56778.0,2000.0,10.0,59.9,812.5,16.7,14.6,77.0,117.8,9.9
56778.0,2000.0,11.0,19.8,813.1,12.0,9.8,72.0,226.8,6.7
56778.0,2000.0,12.0,0.0,812.3,10.3,8.7,71.0,191.5,999990.0
56778.0,2001.0,1.0,0.0,809.1,10.3,7.1,60.0,253.6,999990.0
56778.0,2001.0,2.0,18.2,809.4,11.7,8.0,62.0,184.1,8.5
56778.0,2001.0,3.0,10.1,809.8,14.9,9.1,57.0,240.1,5.4
56778.0,2001.0,4.0,0.0,808.4,19.6,9.5,44.0,286.5,999990.0
56778.0,2001.0,5.0,174.7,809.3,17.0,14.2,75.0,106.3,26.2
56778.0,2001.0,6.0,219.4,806.7,20.0,17.4,76.0,133.2,44.2
56778.0,2001.0,7.0,263.1,806.8,20.9,19.0,78.0,150.2,45.8
56778.0,2001.0,8.0,202.2,809.1,20.5,18.0,75.0,133.3,93.3
56778.0,2001.0,9.0,133.3,811.1,19.4,17.1,77.0,103.9,45.7
56778.0,2001.0,10.0,105.9,813.6,16.5,15.1,81.0,74.3,25.8
56778.0,2001.0,11.0,46.1,814.4,11.4,9.9,74.0,163.6,23.0
56778.0,2001.0,12.0,0.0,814.0,10.3,8.4,69.0,239.6,0.0
56778.0,2002.0,1.0,10.3,811.7,9.6,7.7,67.0,213.0,3.6
56778.0,2002.0,2.0,2.5,811.4,12.9,8.2,59.0,234.8,2.1
56778.0,2002.0,3.0,15.9,809.9,15.0,8.9,56.0,245.5,7.9
56778.0,2002.0,4.0,10.6,808.8,18.7,10.4,50.0,258.2,7.6
56778.0,2002.0,5.0,126.7,808.5,18.8,14.6,69.0,168.6,53.9
56778.0,2002.0,6.0,177.8,806.7,21.7,17.8,70.0,195.4,72.4
56778.0,2002.0,7.0,208.2,806.7,20.4,18.3,78.0,97.8,51.4
56778.0,2002.0,8.0,241.8,809.4,19.1,17.0,78.0,136.3,44.6
56778.0,2002.0,9.0,81.6,813.0,18.0,14.5,71.0,142.2,29.4
56778.0,2002.0,10.0,47.8,813.1,16.5,13.2,72.0,185.2,29.3
56778.0,2002.0,11.0,19.9,813.8,12.9,10.7,74.0,167.4,16.1
56778.0,2002.0,12.0,6.6,811.8,10.4,8.4,69.0,221.5,2.5
56778.0,2003.0,1.0,51.1,812.1,9.2,7.4,67.0,223.4,42.9
56778.0,2003.0,2.0,8.9,810.9,11.6,7.4,58.0,240.5,3.2
56778.0,2003.0,3.0,9.4,809.6,14.8,8.9,56.0,267.6,4.4
56778.0,2003.0,4.0,2.5,808.9,19.7,10.0,46.0,282.6,2.4
56778.0,2003.0,5.0,85.9,807.9,20.5,14.3,61.0,203.2,33.7
56778.0,2003.0,6.0,166.2,806.9,19.9,17.5,76.0,99.6,39.4
56778.0,2003.0,7.0,155.3,808.3,21.3,18.3,74.0,156.2,46.9
56778.0,2003.0,8.0,157.4,808.4,21.5,18.7,75.0,170.1,36.5
56778.0,2003.0,9.0,100.1,811.4,18.9,16.5,76.0,117.6,26.8
56778.0,2003.0,10.0,57.3,813.5,17.2,14.8,77.0,141.4,15.2
56778.0,2003.0,11.0,5.8,813.0,13.1,10.1,69.0,212.7,5.6
56778.0,2003.0,12.0,33.5,813.6,10.3,8.8,73.0,180.1,12.1
56778.0,2004.0,1.0,28.0,810.8,9.2,6.6,60.0,230.1,25.5
56778.0,2004.0,2.0,18.1,810.5,10.9,6.9,57.0,215.3,12.5
56778.0,2004.0,3.0,1.4,809.5,16.3,8.4,50.0,234.2,0.9
56778.0,2004.0,4.0,121.9,810.1,16.0,11.1,64.0,207.1,29.7
56778.0,2004.0,5.0,110.7,808.6,18.9,13.2,62.0,196.8,36.4
56778.0,2004.0,6.0,184.7,808.6,19.6,16.9,75.0,122.6,25.6
56778.0,2004.0,7.0,224.7,807.8,20.4,17.2,73.0,151.1,38.3
56778.0,2004.0,8.0,169.0,808.2,21.0,18.0,74.0,151.3,38.5
56778.0,2004.0,9.0,190.0,812.4,18.8,15.6,73.0,127.1,100.8
56778.0,2004.0,10.0,20.7,815.0,15.6,12.4,71.0,146.7,13.3
56778.0,2004.0,11.0,16.8,814.7,12.3,9.4,69.0,148.7,9.3
56778.0,2004.0,12.0,7.7,813.0,8.7,6.9,64.0,173.1,6.5
56778.0,2005.0,1.0,12.8,810.0,10.2,6.6,58.0,216.4,7.3
56778.0,2005.0,2.0,0.2,809.2,14.1,6.3,42.0,244.7,0.2
56778.0,2005.0,3.0,39.3,811.4,13.3,8.1,56.0,188.0,14.1
56778.0,2005.0,4.0,8.3,810.5,18.6,9.6,48.0,238.0,5.1
56778.0,2005.0,5.0,26.1,807.1,21.7,10.9,44.0,280.4,18.5
56778.0,2005.0,6.0,204.0,806.0,21.5,17.6,70.0,105.5,70.4
56778.0,2005.0,7.0,169.6,808.1,21.0,17.8,73.0,109.6,41.4
56778.0,2005.0,8.0,242.1,808.0,20.5,17.5,74.0,96.6,39.8
56778.0,2005.0,9.0,105.8,812.6,19.3,15.5,71.0,114.4,23.4
56778.0,2005.0,10.0,90.1,814.6,16.8,13.9,73.0,129.7,41.7
56778.0,2005.0,11.0,39.2,813.0,13.0,10.3,70.0,181.4,29.3
56778.0,2005.0,12.0,38.5,812.9,10.2,8.3,69.0,149.6,30.6
56778.0,2006.0,1.0,0.0,810.0,10.8,7.3,61.0,254.7,999990.0
56778.0,2006.0,2.0,2.7,811.2,13.2,8.8,62.0,229.0,1.8
56778.0,2006.0,3.0,10.4,809.1,15.9,8.1,49.0,264.2,5.2
56778.0,2006.0,4.0,38.0,809.0,18.1,10.3,54.0,244.0,13.9
56778.0,2006.0,5.0,111.1,810.2,18.0,14.3,72.0,198.7,33.8
56778.0,2006.0,6.0,226.8,807.6,20.5,18.7,79.0,136.8,86.7
56778.0,2006.0,7.0,250.9,806.7,21.3,20.0,80.0,132.3,63.7
56778.0,2006.0,8.0,114.9,809.3,20.6,18.2,76.0,145.8,37.6
56778.0,2006.0,9.0,56.9,812.3,18.4,16.4,79.0,127.5,37.1
56778.0,2006.0,10.0,150.6,814.6,16.9,15.4,81.0,122.1,26.1
56778.0,2006.0,11.0,12.1,812.8,13.2,10.0,68.0,231.8,7.1
56778.0,2006.0,12.0,19.2,813.7,9.8,8.6,73.0,183.5,10.2
56778.0,2007.0,1.0,18.0,812.9,9.1,7.9,72.0,173.2,8.1
56778.0,2007.0,2.0,35.4,810.9,10.6,6.9,58.0,220.9,17.5
56778.0,2007.0,3.0,0.0,808.7,16.2,7.2,43.0,307.3,0.0
56778.0,2007.0,4.0,39.0,810.8,15.7,11.4,67.0,205.1,7.5
56778.0,2007.0,5.0,65.3,809.9,18.1,14.7,72.0,174.6,21.6
56778.0,2007.0,6.0,86.6,807.1,21.1,18.3,75.0,194.1,22.0
56778.0,2007.0,7.0,307.9,806.7,20.2,20.0,85.0,92.8,61.2
56778.0,2007.0,8.0,252.3,808.5,19.9,19.7,86.0,109.9,64.2
56778.0,2007.0,9.0,64.9,811.3,17.6,15.9,80.0,92.7,13.4
56778.0,2007.0,10.0,57.3,813.7,15.8,14.6,83.0,124.8,31.0
56778.0,2007.0,11.0,6.0,814.8,12.5,10.9,77.0,142.2,5.4
56778.0,2007.0,12.0,0.0,811.4,10.9,8.0,65.0,201.0,999990.0
56778.0,2008.0,1.0,13.6,810.1,10.7,7.1,59.0,242.5,6.6
56778.0,2008.0,2.0,12.7,810.6,8.5,7.1,67.0,173.5,6.4
56778.0,2008.0,3.0,15.7,810.4,13.7,8.7,59.0,205.0,4.0
56778.0,2008.0,4.0,14.4,809.4,18.0,10.1,52.0,256.4,11.7
56778.0,2008.0,5.0,94.5,808.2,18.5,14.0,68.0,150.1,20.0
56778.0,2008.0,6.0,133.5,807.4,19.2,16.6,75.0,128.4,35.6
56778.0,2008.0,7.0,281.5,807.1,19.4,17.7,80.0,65.3,121.0
56778.0,2008.0,8.0,203.4,808.5,19.8,18.0,79.0,100.5,46.4
56778.0,2008.0,9.0,75.4,810.9,19.1,16.5,76.0,123.6,31.7
56778.0,2008.0,10.0,49.4,814.2,16.8,14.5,77.0,127.9,25.4
56778.0,2008.0,11.0,82.7,814.2,11.8,10.0,74.0,188.9,34.2
56778.0,2008.0,12.0,5.4,812.8,9.4,8.5,74.0,158.9,4.1
56778.0,2009.0,1.0,7.1,812.3,8.3,7.8,73.0,153.0,3.9
56778.0,2009.0,2.0,0.0,809.2,13.9,6.7,47.0,269.2,999990.0
56778.0,2009.0,3.0,10.7,809.5,15.8,7.7,46.0,257.8,4.4
56778.0,2009.0,4.0,22.4,808.7,17.7,11.4,60.0,211.0,8.7
56778.0,2009.0,5.0,51.6,809.1,19.8,14.0,63.0,187.7,19.0
56778.0,2009.0,6.0,153.8,806.5,20.6,17.6,74.0,107.0,44.7
56778.0,2009.0,7.0,90.8,806.7,21.3,19.3,77.0,93.4,24.9
56778.0,2009.0,8.0,169.7,809.6,20.6,18.3,76.0,113.6,39.5
56778.0,2009.0,9.0,28.3,811.4,20.1,16.5,71.0,161.6,9.1
56778.0,2009.0,10.0,9.1,812.5,18.5,14.5,70.0,207.6,7.9
56778.0,2009.0,11.0,21.8,813.0,11.8,8.8,67.0,209.1,15.2
56778.0,2009.0,12.0,0.5,811.1,10.5,7.4,62.0,240.1,0.5
56778.0,2010.0,1.0,3.4,812.0,11.1,6.9,57.0,261.5,2.6
56778.0,2010.0,2.0,0.0,809.2,13.3,6.1,43.0,261.6,999990.0
56778.0,2010.0,3.0,22.1,810.5,15.9,8.0,48.0,231.1,22.1
56778.0,2010.0,4.0,27.9,809.9,18.5,10.6,53.0,242.2,11.5
56778.0,2010.0,5.0,43.6,807.5,21.7,13.9,56.0,251.4,19.0
56778.0,2010.0,6.0,84.3,807.9,20.9,17.5,72.0,121.5,22.8
56778.0,2010.0,7.0,159.5,808.4,21.4,18.8,75.0,110.4,31.4
56778.0,2010.0,8.0,215.4,810.4,20.8,18.4,76.0,135.8,77.6
56778.0,2010.0,9.0,98.8,811.1,19.9,17.2,76.0,119.8,29.1
56778.0,2010.0,10.0,150.1,813.6,15.1,13.8,81.0,89.5,31.5
56778.0,2010.0,11.0,34.9,813.6,11.8,10.6,78.0,119.0,9.0
56778.0,2010.0,12.0,29.1,810.2,9.5,8.7,75.0,193.0,17.6
56778.0,2011.0,1.0,22.2,809.6,8.4,7.6,72.0,206.7,8.5
56778.0,2011.0,2.0,0.0,808.5,12.4,7.0,53.0,269.5,999990.0
56778.0,2011.0,3.0,18.6,811.0,12.2,8.4,63.0,184.3,9.3
56778.0,2011.0,4.0,31.2,810.3,17.3,11.3,61.0,240.1,13.7
56778.0,2011.0,5.0,29.1,808.8,19.2,14.3,67.0,201.7,10.1
56778.0,2011.0,6.0,130.3,806.3,21.1,17.8,73.0,171.6,28.9
56778.0,2011.0,7.0,102.7,807.3,20.9,18.1,75.0,160.2,30.0
56778.0,2011.0,8.0,57.2,809.5,20.1,17.0,74.0,173.9,24.9
56778.0,2011.0,9.0,212.9,810.2,19.1,17.7,81.0,65.3,74.2
56778.0,2011.0,10.0,21.0,813.6,15.5,13.8,79.0,81.9,9.9
56778.0,2011.0,11.0,19.7,813.4,10.9,9.6,76.0,188.9,13.6
56778.0,2011.0,12.0,14.1,813.0,8.8,8.7,78.0,108.7,3.8
56778.0,2012.0,1.0,16.1,809.3,9.9,6.8,60.0,261.5,7.8
56778.0,2012.0,2.0,0.0,807.6,13.1,6.3,47.0,287.4,0.0
56778.0,2012.0,3.0,35.9,809.3,14.4,8.0,52.0,258.4,25.7
56778.0,2012.0,4.0,14.4,808.7,17.9,10.0,52.0,286.6,10.9
56778.0,2012.0,5.0,146.9,807.6,20.8,15.4,65.0,225.8,99.1
56778.0,2012.0,6.0,141.9,805.3,20.7,18.4,77.0,96.1,38.9
56778.0,2012.0,7.0,155.2,806.2,20.5,19.4,81.0,113.0,54.2
56778.0,2012.0,8.0,137.5,808.5,20.5,18.4,78.0,185.5,43.3
56778.0,2012.0,9.0,131.8,811.9,18.3,16.8,81.0,121.5,56.9
56778.0,2012.0,10.0,13.5,813.1,16.5,13.7,75.0,207.2,6.1
56778.0,2012.0,11.0,8.9,811.3,13.9,10.3,69.0,269.3,8.5
56778.0,2012.0,12.0,0.0,811.4,9.5,7.2,65.0,241.9,999990.0
56778.0,2013.0,1.0,9.6,811.5,8.8,6.8,66.0,223.8,8.2
56778.0,2013.0,2.0,0.8,811.1,14.9,6.9,46.0,279.3,0.8
56778.0,2013.0,3.0,7.5,810.4,15.8,8.0,50.0,281.3,5.4
56778.0,2013.0,4.0,9.9,808.9,17.8,9.5,51.0,272.4,8.8
56778.0,2013.0,5.0,113.3,808.1,19.8,14.4,65.0,234.8,26.2
56778.0,2013.0,6.0,78.5,807.2,21.2,16.8,68.0,212.1,24.2
56778.0,2013.0,7.0,155.9,807.1,20.8,19.2,79.0,127.3,41.8
56778.0,2013.0,8.0,153.9,808.8,19.9,18.0,79.0,175.2,28.8
56778.0,2013.0,9.0,70.7,812.0,18.2,15.9,78.0,155.3,30.7
56778.0,2013.0,10.0,168.6,814.9,14.6,13.0,80.0,135.6,37.7
56778.0,2013.0,11.0,8.0,813.9,12.8,10.6,74.0,237.7,8.0
56778.0,2013.0,12.0,28.0,812.6,7.6,7.7,75.0,177.7,21.2
56778.0,2014.0,1.0,7.0,812.8,8.9,6.6,64.0,254.4,5.4
56778.0,2014.0,2.0,19.4,808.6,12.3,6.5,50.0,269.3,15.7
56778.0,2014.0,3.0,8.1,810.5,15.6,7.9,49.0,295.4,3.0
56778.0,2014.0,4.0,16.2,809.7,19.3,9.0,44.0,287.3,13.7
56778.0,2014.0,5.0,79.1,808.2,21.1,13.3,56.0,285.3,22.9
56778.0,2014.0,6.0,276.7,806.7,21.2,17.9,73.0,138.2,83.3
56778.0,2014.0,7.0,182.9,808.2,20.7,18.7,78.0,155.5,37.7
56778.0,2014.0,8.0,271.5,809.6,20.1,17.7,76.0,161.4,110.2
56778.0,2014.0,9.0,149.9,810.8,19.8,17.4,77.0,188.0,50.2
56778.0,2014.0,10.0,29.8,814.5,16.0,13.6,77.0,186.8,11.6
56778.0,2014.0,11.0,31.8,812.7,13.1,10.5,72.0,217.4,25.0
56778.0,2014.0,12.0,5.9,814.0,8.5,7.5,71.0,197.4,5.5
56778.0,2015.0,1.0,115.2,812.9,9.4,7.4,67.0,221.2,66.1
56778.0,2015.0,2.0,9.3,811.0,11.4,7.2,58.0,260.1,3.6
56778.0,2015.0,3.0,27.1,811.1,16.7,8.5,49.0,304.6,23.4
56778.0,2015.0,4.0,44.7,811.1,17.2,11.4,61.0,236.5,12.8
56778.0,2015.0,5.0,37.1,807.9,21.6,14.1,57.0,289.1,36.2
56778.0,2015.0,6.0,280.1,807.3,21.9,18.5,72.0,197.9,73.1
56778.0,2015.0,7.0,114.5,808.4,19.9,17.4,76.0,138.1,27.6
56778.0,2015.0,8.0,262.8,809.7,19.6,18.7,83.0,83.6,67.5
56778.0,2015.0,9.0,69.8,811.7,19.3,18.5,83.0,95.4,17.7
56778.0,2015.0,10.0,150.3,814.9,15.5,13.5,78.0,179.9,64.5
56778.0,2015.0,11.0,46.1,813.8,13.3,11.2,76.0,224.1,31.8
56778.0,2015.0,12.0,33.7,813.7,8.9,8.7,78.0,158.4,10.9
56778.0,2016.0,1.0,21.9,811.78,7.85,6.83,67.4,999999.0,11.3
56778.0,2016.0,2.0,6.4,813.6,8.6,7.4,69.1,132.0,5.2
56778.0,2016.0,3.0,11.4,811.0,15.0,8.7,55.0,217.0,9.3
56778.0,2016.0,4.0,27.0,808.8,18.03,11.38,58.05,211.0,8.8
56778.0,2016.0,5.0,89.6,809.18,19.65,14.18,63.73,201.0,25.9
56778.0,2016.0,6.0,130.0,809.0,20.5,18.8,78.9,117.0,23.7
56778.0,2016.0,7.0,179.3,808.7,20.58,19.33,80.63,108.3,58.6
56778.0,2016.0,8.0,187.1999,808.8,20.8,19.35,80.18,999999.0,35.2
56778.0,2016.0,9.0,258.7999,811.7,18.3,17.5,83.5,84.0,112.8999
56778.0,2016.0,10.0,102.6,812.6,17.3,16.1,83.0,134.2,34.6
56778.0,2016.0,11.0,71.3,813.63,12.65,11.35,79.43,189.0,18.5
56778.0,2016.0,12.0,9.7,813.8,10.1,9.3,77.2,999999.0,6.1
56778.0,2017.0,1.0,20.9,812.57,10.15,8.25,70.56,237.0,13.7
56778.0,2017.0,2.0,1.9,811.8,11.2,8.0,64.5,188.5,1.2
56778.0,2017.0,3.0,66.4,810.23,13.73,8.78,60.08,200.7,20.5
56778.0,2017.0,4.0,62.3,810.2,16.05,11.6,66.9,208.8,31.6
56778.0,2017.0,5.0,40.1,810.74,18.88,12.98,61.51,247.6,12.2
56778.0,2017.0,6.0,144.0,807.5,20.9,17.7,72.9,181.0,32.1
56778.0,2017.0,7.0,340.3,809.2,19.6,18.6,82.7,136.2,54.4
56778.0,2017.0,8.0,156.2,808.9,20.3,19.1,81.3,148.5,23.2
56778.0,2017.0,9.0,214.2,811.6,19.7,18.4,80.7,160.9,65.9
56778.0,2017.0,10.0,136.6,814.2,16.1,15.1,82.6,144.7,23.6
56778.0,2017.0,11.0,8.8,814.0,12.4,10.5,75.0,217.1,6.0
56778.0,2017.0,12.0,0.0,814.0,9.3,8.3,72.0,205.0,0.0
56778.0,2018.0,1.0,29.5,810.0,9.1,7.3,65.9,226.7,24.9
56778.0,2018.0,2.0,0.7,811.1,10.2,6.6,58.8,211.8,0.6
56778.0,2018.0,3.0,45.5,810.5,14.4,8.9,58.0,275.0,37.4
56778.0,2018.0,4.0,37.2,810.6,17.3,10.9,58.3,262.9,16.8
56778.0,2018.0,5.0,95.0,809.7,19.4,14.6,66.9,245.2,28.9
56778.0,2018.0,6.0,239.5,807.4,19.7,18.8,82.3,121.9,41.4
56778.0,2018.0,7.0,172.8,807.0,21.1,19.0,77.1,169.3,41.6
56778.0,2018.0,8.0,289.6,808.0,20.0,19.0,82.1,117.1,54.4
56778.0,2018.0,9.0,82.8,811.8,18.9,17.9,82.3,86.7,22.9
56778.0,2018.0,10.0,53.3,814.6,15.2,14.0,82.8,125.6,9.5
56778.0,2018.0,11.0,0.0,813.8,12.4,9.5,69.8,257.1,0.0
56778.0,2018.0,12.0,39.3,813.0,10.8,9.0,72.7,187.6,19.9
56778.0,2019.0,1.0,31.7,813.5,9.9,8.0,69.8,234.8,25.0
56778.0,2019.0,2.0,5.7,811.3,12.9,7.1,52.2,256.9,2.9
56778.0,2019.0,3.0,4.5,810.2,14.6,8.1,53.3,269.39,2.0
56778.0,2019.0,4.0,7.1,809.8,19.0,9.9,49.6,263.6,3.6
56778.0,2019.0,5.0,20.1,808.1,22.3,13.1,51.2,257.6,7.1
56778.0,2019.0,6.0,94.1,807.2,22.2,17.9,68.9,160.0,27.7
56778.0,2019.0,7.0,279.5,807.5,20.8,20.0,82.5,78.2,126.8
56778.0,2019.0,8.0,120.7,809.0,21.3,18.9,76.1,183.2,45.1
56778.0,2019.0,9.0,186.1,813.3,18.4,15.9,75.0,128.0,82.6
56778.0,2019.0,10.0,74.2,814.1,17.0,14.5,76.1,155.8,23.2
56778.0,2019.0,11.0,7.5,813.6,14.0,11.3,72.6,173.9,2.7
56778.0,2019.0,12.0,9.0,814.0,7.9,6.9,68.9,230.2,2.5
56778.0,2020.0,1.0,61.5,811.6,9.9,7.2,63.1,241.0,26.5
56778.0,2020.0,2.0,24.2,812.8,11.0,8.0,64.4,252.0,15.8
56778.0,2020.0,3.0,5.3,810.0,16.0,8.1,49.4,324.4,3.2
56778.0,2020.0,4.0,45.3,812.2,16.1,9.9,58.3,290.4,19.2
56778.0,2020.0,5.0,999999.0,999999.0,999999.0,999999.0,999999.0,999999.0,999999.0
